cluster,age,creatinine_phosphokinase,ejection_fraction,platelets,serum_creatinine,serum_sodium,time_media,anaemia_prop,diabetes_prop,high_blood_pressure_prop,sex_prop,smoking_prop,taxa_DEATH_EVENT,n
0,60.666666666666664,1631.0877192982457,36.94736842105263,270382.2833333333,2.385789473684211,136.75438596491227,128.64912280701753,0.2982456140350877,0.3157894736842105,0.2982456140350877,0.7192982456140351,0.3333333333333333,0.43859649122807015,57
1,60.87328099173554,334.702479338843,38.35123966942149,261703.55619834713,1.1602479338842977,136.59504132231405,130.6404958677686,0.4628099173553719,0.44214876033057854,0.36363636363636365,0.6322314049586777,0.3181818181818182,0.29338842975206614,242
